lane_id,queueing_time,queueing_length,timestep
np10_nt15_0,11.936507936507937,4.776984126984127,360.0
np10_nt15_0,112.07692307692308,4.177272727272728,720.0
np10_nt15_0,73.42264150943396,10.758905660377359,1080.0
np10_nt15_0,21.6,2.8256,1440.0
np10_nt15_0,21.879518072289155,5.248915662650603,1800.0
np10_nt15_0,32.172413793103445,6.133,2160.0
np10_nt15_0,59.93103448275862,9.073362068965517,2520.0
np10_nt15_0,16.84285714285714,2.584857142857143,2880.0
np10_nt15_0,41.56060606060606,7.90628787878788,3240.0
np10_nt15_0,43.17391304347826,11.188782608695652,3600.0
np11_nt14_0,13.314814814814815,5.218148148148149,360.0
np11_nt14_0,33.46511627906977,8.835658914728683,720.0
np11_nt14_0,31.342105263157894,5.122368421052632,1080.0
np11_nt14_0,53.24539877300614,11.217484662576688,1440.0
np11_nt14_0,25.069444444444443,8.614930555555555,1800.0
np11_nt14_0,30.647727272727273,6.108125,2160.0
np11_nt14_0,32.603960396039604,4.7785148514851485,2520.0
np11_nt14_0,53.457142857142856,8.780642857142857,2880.0
np11_nt14_0,111.97177419354838,16.45358870967742,3240.0
np11_nt14_0,51.346666666666664,6.909866666666667,3600.0
np12_nt13_0,4.774193548387097,2.1748387096774193,360.0
np12_nt13_0,105.13023255813954,4.042558139534884,720.0
np12_nt13_0,28.409523809523808,3.1435238095238094,1080.0
np12_nt13_0,78.18713450292398,5.175204678362573,1440.0
np12_nt13_0,45.51569506726457,11.21538116591928,1800.0
np12_nt13_0,61.460431654676256,3.295035971223022,2160.0
np12_nt13_0,0.3333333333333333,1.3344444444444443,2520.0
np12_nt13_0,19.022099447513813,5.471270718232044,2880.0
np12_nt13_0,29.92207792207792,6.093441558441558,3240.0
np12_nt13_0,12.072164948453608,4.240309278350516,3600.0
np13_nt13_0,0.6666666666666666,2.623333333333333,360.0
np13_nt13_0,2.159090909090909,2.6454545454545455,720.0
np13_nt13_0,2.763157894736842,3.8473684210526313,1080.0
np13_nt13_0,63.06369426751592,4.519044585987261,1440.0
np13_nt13_0,157.26956521739132,15.351173913043478,1800.0
np13_nt13_0,3.3448275862068964,2.3586206896551727,2160.0
np13_nt13_0,7.5396825396825395,5.895714285714286,2520.0
np13_nt13_0,0.6363636363636364,1.735,2880.0
np13_nt13_0,2.5686274509803924,2.5262745098039217,3240.0
np13_nt13_0,3.9375,3.5234375,3600.0
np13_nt13_1,0.0,0.0,360.0
np13_nt13_1,0.0,0.0,720.0
np13_nt13_1,0.0,0.0,1080.0
np13_nt13_1,0.0,0.0,1440.0
np13_nt13_1,0.0,0.0,1800.0
np13_nt13_1,0.0,0.0,2160.0
np13_nt13_1,0.0,0.0,2520.0
np13_nt13_1,0.0,0.0,2880.0
np13_nt13_1,0.0,0.0,3240.0
np13_nt13_1,0.0,0.0,3600.0
np14_nt9_0,9.771653543307087,8.918818897637795,360.0
np14_nt9_0,5.541666666666667,9.733333333333333,720.0
np14_nt9_0,5.111111111111111,7.954074074074073,1080.0
np14_nt9_0,13.641414141414142,9.743030303030302,1440.0
np14_nt9_0,10.310077519379846,7.339457364341085,1800.0
np14_nt9_0,139.3896103896104,32.05425324675324,2160.0
np14_nt9_0,75.9971671388102,14.600198300283285,2520.0
np14_nt9_0,81.74705882352941,28.667176470588235,2880.0
np14_nt9_0,21.778523489932887,15.270503355704697,3240.0
np14_nt9_0,27.09004739336493,10.428578199052131,3600.0
np14_nt9_1,6.0,4.615384615384615,360.0
np14_nt9_1,0.0,0.0,720.0
np14_nt9_1,31.5,5.90671875,1080.0
np14_nt9_1,0.0,0.0,1440.0
np14_nt9_1,0.0,0.0,1800.0
np14_nt9_1,102.11059907834101,17.48221198156682,2160.0
np14_nt9_1,165.76712328767124,15.99794520547945,2520.0
np14_nt9_1,14.903614457831326,5.263734939759036,2880.0
np14_nt9_1,4.15625,4.115625,3240.0
np14_nt9_1,45.96,10.856,3600.0
np15_nt5_0,5.8,5.2425,360.0
np15_nt5_0,11.04040404040404,6.635252525252525,720.0
np15_nt5_0,5.641025641025641,3.7843589743589745,1080.0
np15_nt5_0,11.868686868686869,2.956969696969697,1440.0
np15_nt5_0,0.0,0.0,1800.0
np15_nt5_0,8.773333333333333,10.548133333333334,2160.0
np15_nt5_0,16.705128205128204,11.852179487179487,2520.0
np15_nt5_0,29.165714285714287,5.915542857142857,2880.0
np15_nt5_0,134.12745098039215,2.2294117647058824,3240.0
np15_nt5_0,3.5454545454545454,5.637727272727273,3600.0
np15_nt5_1,0.0,0.0,360.0
np15_nt5_1,19.130434782608695,4.333043478260869,720.0
np15_nt5_1,34.49411764705882,11.835411764705881,1080.0
np15_nt5_1,20.435897435897434,5.336794871794871,1440.0
np15_nt5_1,1.5,3.8325000000000005,1800.0
np15_nt5_1,3.8181818181818183,4.085,2160.0
np15_nt5_1,20.568807339449542,5.8578899082568805,2520.0
np15_nt5_1,52.21105527638191,7.14321608040201,2880.0
np15_nt5_1,172.31306990881458,12.222796352583588,3240.0
np15_nt5_1,12.108695652173912,7.417608695652174,3600.0
np16_nt1_0,0.8823529411764706,0.7652941176470588,360.0
np16_nt1_0,10.1,5.201333333333333,720.0
np16_nt1_0,1.0769230769230769,4.218461538461539,1080.0
np16_nt1_0,2.923076923076923,6.010769230769231,1440.0
np16_nt1_0,10.783783783783784,6.4467567567567565,1800.0
np16_nt1_0,15.428571428571429,5.0505102040816325,2160.0
np16_nt1_0,0.0,0.0,2520.0
np16_nt1_0,10.958333333333334,4.2804166666666665,2880.0
np16_nt1_0,23.324074074074073,3.941388888888889,3240.0
np16_nt1_0,18.144927536231883,6.566521739130434,3600.0
np16_nt1_1,1.6923076923076923,3.1653846153846152,360.0
np16_nt1_1,7.0,5.092368421052631,720.0
np16_nt1_1,1.619047619047619,3.4047619047619047,1080.0
np16_nt1_1,0.3,1.5239999999999998,1440.0
np16_nt1_1,1.4545454545454546,2.773181818181818,1800.0
np16_nt1_1,23.235294117647058,4.408823529411765,2160.0
np16_nt1_1,4.333333333333333,6.372142857142857,2520.0
np16_nt1_1,6.7,3.5895,2880.0
np16_nt1_1,5.7,5.057666666666666,3240.0
np16_nt1_1,8.26086956521739,4.956521739130435,3600.0
np1_nt1_0,29.085714285714285,3.201142857142857,360.0
np1_nt1_0,1.1875,4.8075,720.0
np1_nt1_0,15.34920634920635,5.117777777777778,1080.0
np1_nt1_0,0.3333333333333333,1.7033333333333334,1440.0
np1_nt1_0,44.97142857142857,6.91447619047619,1800.0
np1_nt1_0,7.857142857142857,1.9176190476190478,2160.0
np1_nt1_0,30.34285714285714,3.143,2520.0
np1_nt1_0,126.77258566978193,16.92271028037383,2880.0
np1_nt1_0,62.541666666666664,5.41296875,3240.0
np1_nt1_0,0.2,1.326,3600.0
np2_nt2_0,6.0,2.108695652173913,360.0
np2_nt2_0,14.204545454545455,4.294772727272727,720.0
np2_nt2_0,39.258620689655174,6.601896551724138,1080.0
np2_nt2_0,15.842391304347826,5.240597826086956,1440.0
np2_nt2_0,18.647058823529413,4.925126050420168,1800.0
np2_nt2_0,0.5333333333333333,1.144,2160.0
np2_nt2_0,103.97096774193548,21.44358064516129,2520.0
np2_nt2_0,52.56038647342995,13.572077294685991,2880.0
np2_nt2_0,17.857142857142858,4.981758241758241,3240.0
np2_nt2_0,0.4,1.4506666666666665,3600.0
np3_nt3_0,8.616438356164384,3.7823287671232877,360.0
np3_nt3_0,6.571428571428571,3.3823809523809523,720.0
np3_nt3_0,24.574074074074073,6.972037037037037,1080.0
np3_nt3_0,18.243243243243242,3.7744594594594596,1440.0
np3_nt3_0,112.54273504273505,15.540299145299144,1800.0
np3_nt3_0,96.17582417582418,12.175238095238095,2160.0
np3_nt3_0,15.794520547945206,4.12013698630137,2520.0
np3_nt3_0,20.94857142857143,5.347028571428572,2880.0
np3_nt3_0,22.488636363636363,8.864772727272728,3240.0
np3_nt3_0,49.67231638418079,10.830734463276835,3600.0
np4_nt4_0,5.6875,2.113125,360.0
np4_nt4_0,21.022222222222222,2.4846666666666666,720.0
np4_nt4_0,2.82,2.7762000000000002,1080.0
np4_nt4_0,116.09665427509293,3.274386617100372,1440.0
np4_nt4_0,144.77551020408163,3.262448979591837,1800.0
np4_nt4_0,3.111111111111111,4.667777777777777,2160.0
np4_nt4_0,5.945205479452055,3.839178082191781,2520.0
np4_nt4_0,3.1818181818181817,3.174545454545455,2880.0
np4_nt4_0,0.0,0.0,3240.0
np4_nt4_0,2.6486486486486487,2.7943243243243243,3600.0
np5_nt4_0,0.1111111111111111,0.5666666666666667,360.0
np5_nt4_0,0.18181818181818182,0.6827272727272727,720.0
np5_nt4_0,0.2857142857142857,0.8821428571428571,1080.0
np5_nt4_0,119.13503649635037,24.39463503649635,1440.0
np5_nt4_0,141.22680412371133,18.178453608247423,1800.0
np5_nt4_0,0.7,2.251,2160.0
np5_nt4_0,0.8888888888888888,1.3540740740740742,2520.0
np5_nt4_0,0.25,1.2774999999999999,2880.0
np5_nt4_0,0.3157894736842105,1.3057894736842106,3240.0
np5_nt4_0,0.3,1.1949999999999998,3600.0
np6_nt8_0,0.35714285714285715,1.07,360.0
np6_nt8_0,13.25,4.632214285714285,720.0
np6_nt8_0,5.876106194690266,6.266194690265487,1080.0
np6_nt8_0,2.4642857142857144,3.5889285714285712,1440.0
np6_nt8_0,22.27102803738318,9.434018691588786,1800.0
np6_nt8_0,36.38297872340426,7.24968085106383,2160.0
np6_nt8_0,7.8307692307692305,8.827307692307691,2520.0
np6_nt8_0,1.7741935483870968,3.351129032258064,2880.0
np6_nt8_0,10.609756097560975,6.043170731707317,3240.0
np6_nt8_0,25.49673202614379,5.640915032679739,3600.0
np7_nt12_0,3.7586206896551726,4.968965517241379,360.0
np7_nt12_0,3.0,4.062352941176471,720.0
np7_nt12_0,23.52,4.63816,1080.0
np7_nt12_0,28.158227848101266,6.038037974683545,1440.0
np7_nt12_0,20.956521739130434,6.17445652173913,1800.0
np7_nt12_0,18.133333333333333,11.15388888888889,2160.0
np7_nt12_0,99.87007874015748,5.090472440944882,2520.0
np7_nt12_0,64.79558011049724,14.645911602209944,2880.0
np7_nt12_0,46.55263157894737,3.8675438596491225,3240.0
np7_nt12_0,56.28731343283582,5.295820895522388,3600.0
np7_nt12_1,0.0,0.0,360.0
np7_nt12_1,5.0,6.004444444444444,720.0
np7_nt12_1,1.4,4.0600000000000005,1080.0
np7_nt12_1,2.0,4.192,1440.0
np7_nt12_1,0.0,0.0,1800.0
np7_nt12_1,42.85909090909091,4.2662272727272725,2160.0
np7_nt12_1,118.12449799196787,1.589277108433735,2520.0
np7_nt12_1,216.95890410958904,2.3408219178082192,2880.0
np7_nt12_1,29.78301886792453,8.613490566037736,3240.0
np7_nt12_1,126.5,5.3406299212598425,3600.0
np8_nt16_0,1.631578947368421,2.1994736842105262,360.0
np8_nt16_0,30.333333333333332,5.575858585858586,720.0
np8_nt16_0,41.38461538461539,3.493076923076923,1080.0
np8_nt16_0,3.564516129032258,3.46,1440.0
np8_nt16_0,7.661971830985915,4.748309859154929,1800.0
np8_nt16_0,10.169230769230769,4.161076923076924,2160.0
np8_nt16_0,4.428571428571429,2.5923809523809522,2520.0
np8_nt16_0,22.274725274725274,5.4957142857142856,2880.0
np8_nt16_0,1.25,3.6915,3240.0
np8_nt16_0,27.098360655737704,11.06672131147541,3600.0
np8_nt16_1,2.4,2.8035,360.0
np8_nt16_1,58.54794520547945,2.5567123287671234,720.0
np8_nt16_1,34.016949152542374,6.077627118644068,1080.0
np8_nt16_1,0.0,0.0,1440.0
np8_nt16_1,0.6,2.4,1800.0
np8_nt16_1,2.0789473684210527,3.862894736842105,2160.0
np8_nt16_1,1.875,3.7575,2520.0
np8_nt16_1,9.181818181818182,6.405151515151515,2880.0
np8_nt16_1,4.133333333333334,4.401666666666667,3240.0
np8_nt16_1,7.078947368421052,5.13,3600.0
np9_nt16_0,3.0,3.206774193548387,360.0
np9_nt16_0,103.6751269035533,10.140609137055836,720.0
np9_nt16_0,9.892857142857142,2.3189285714285717,1080.0
np9_nt16_0,104.8103448275862,6.198405172413793,1440.0
np9_nt16_0,222.09574468085106,6.097446808510638,1800.0
np9_nt16_0,10.588235294117647,3.9823529411764707,2160.0
np9_nt16_0,47.698019801980195,5.307722772277228,2520.0
np9_nt16_0,194.79126213592232,16.072087378640777,2880.0
np9_nt16_0,13.7,8.983571428571429,3240.0
np9_nt16_0,64.9125,7.4045,3600.0
nt10_nt11_0,2.6805555555555554,4.938888888888889,360.0
nt10_nt11_0,4.538461538461538,8.556410256410256,720.0
nt10_nt11_0,3.141361256544503,9.098743455497381,1080.0
nt10_nt11_0,3.8545454545454545,10.951772727272727,1440.0
nt10_nt11_0,3.4308510638297873,8.840904255319149,1800.0
nt10_nt11_0,4.340314136125654,18.500575916230368,2160.0
nt10_nt11_0,2.013888888888889,4.472222222222222,2520.0
nt10_nt11_0,5.130653266331659,19.531708542713567,2880.0
nt10_nt11_0,4.067415730337078,8.16865168539326,3240.0
nt10_nt11_0,2.7142857142857144,9.975918367346939,3600.0
nt10_nt11_1,0.0,0.0,360.0
nt10_nt11_1,5.5,5.5,720.0
nt10_nt11_1,0.0,0.0,1080.0
nt10_nt11_1,2.95,2.4240000000000004,1440.0
nt10_nt11_1,3.6818181818181817,1.8927272727272728,1800.0
nt10_nt11_1,0.0,0.0,2160.0
nt10_nt11_1,4.5,5.2765,2520.0
nt10_nt11_1,17.027027027027028,5.675945945945946,2880.0
nt10_nt11_1,2.625,3.94375,3240.0
nt10_nt11_1,9.545454545454545,5.455909090909091,3600.0
nt10_nt6_0,7.656716417910448,7.173880597014925,360.0
nt10_nt6_0,35.554455445544555,6.582871287128713,720.0
nt10_nt6_0,40.89007092198582,10.85627659574468,1080.0
nt10_nt6_0,53.5387323943662,10.702359154929576,1440.0
nt10_nt6_0,134.00369003690037,26.384354243542436,1800.0
nt10_nt6_0,48.958333333333336,24.086916666666664,2160.0
nt10_nt6_0,130.3463687150838,17.542206703910615,2520.0
nt10_nt6_0,114.65826330532212,19.253641456582635,2880.0
nt10_nt6_0,154.14525139664804,7.962011173184358,3240.0
nt10_nt6_0,161.3091922005571,11.32317548746518,3600.0
nt10_nt9_0,5.147540983606557,6.167213114754098,360.0
nt10_nt9_0,46.55343511450382,8.927442748091602,720.0
nt10_nt9_0,81.3953488372093,25.39651162790698,1080.0
nt10_nt9_0,16.636363636363637,10.106181818181819,1440.0
nt10_nt9_0,38.111111111111114,7.109393939393939,1800.0
nt10_nt9_0,38.89795918367347,5.231700680272109,2160.0
nt10_nt9_0,42.28409090909091,8.462954545454545,2520.0
nt10_nt9_0,25.49142857142857,10.168457142857143,2880.0
nt10_nt9_0,23.762264150943395,8.986415094339623,3240.0
nt10_nt9_0,22.00995024875622,9.301144278606966,3600.0
nt10_nt9_1,0.0,0.0,360.0
nt10_nt9_1,44.47428571428571,6.441942857142856,720.0
nt10_nt9_1,21.054545454545455,9.220272727272727,1080.0
nt10_nt9_1,28.253846153846155,5.8081538461538464,1440.0
nt10_nt9_1,41.047904191616766,5.3348502994011975,1800.0
nt10_nt9_1,16.684782608695652,5.273586956521739,2160.0
nt10_nt9_1,7.852941176470588,4.620882352941177,2520.0
nt10_nt9_1,6.952941176470588,8.028941176470589,2880.0
nt10_nt9_1,19.13684210526316,10.235157894736842,3240.0
nt10_nt9_1,53.44565217391305,7.853804347826086,3600.0
nt11_nt10_0,9.987804878048781,6.2334146341463414,360.0
nt11_nt10_0,21.344827586206897,8.584433497536946,720.0
nt11_nt10_0,7.053571428571429,7.098482142857143,1080.0
nt11_nt10_0,2.4444444444444446,3.1080555555555556,1440.0
nt11_nt10_0,3.611111111111111,3.8905555555555558,1800.0
nt11_nt10_0,3.7058823529411766,3.8829411764705886,2160.0
nt11_nt10_0,18.660869565217393,11.987130434782609,2520.0
nt11_nt10_0,8.854545454545455,8.381818181818181,2880.0
nt11_nt10_0,1.8666666666666667,1.494,3240.0
nt11_nt10_0,0.0,0.0,3600.0
nt11_nt10_1,7.94,2.9606,360.0
nt11_nt10_1,3.6129032258064515,4.6729032258064525,720.0
nt11_nt10_1,19.923076923076923,4.760128205128205,1080.0
nt11_nt10_1,3.6,4.803,1440.0
nt11_nt10_1,1.9375,2.15125,1800.0
nt11_nt10_1,1.2,1.9200000000000004,2160.0
nt11_nt10_1,5.181818181818182,3.364848484848485,2520.0
nt11_nt10_1,7.538461538461538,5.538846153846153,2880.0
nt11_nt10_1,0.75,3.0025,3240.0
nt11_nt10_1,0.0,0.0,3600.0
nt11_nt12_0,5.435897435897436,4.520769230769231,360.0
nt11_nt12_0,3.0625,5.082291666666666,720.0
nt11_nt12_0,17.53846153846154,6.0329999999999995,1080.0
nt11_nt12_0,0.42105263157894735,1.1468421052631579,1440.0
nt11_nt12_0,27.34975369458128,16.3879802955665,1800.0
nt11_nt12_0,11.649572649572649,7.955897435897437,2160.0
nt11_nt12_0,22.357142857142858,3.238,2520.0
nt11_nt12_0,7.033898305084746,6.257796610169491,2880.0
nt11_nt12_0,9.0,6.31103448275862,3240.0
nt11_nt12_0,17.94495412844037,4.589357798165138,3600.0
nt11_nt12_1,0.0,0.0,360.0
nt11_nt12_1,6.133333333333334,4.348,720.0
nt11_nt12_1,19.278350515463917,4.517731958762887,1080.0
nt11_nt12_1,123.44736842105263,4.220559210526315,1440.0
nt11_nt12_1,71.67142857142858,3.6988571428571424,1800.0
nt11_nt12_1,0.0,0.0,2160.0
nt11_nt12_1,25.5,5.885,2520.0
nt11_nt12_1,28.71311475409836,6.822786885245901,2880.0
nt11_nt12_1,0.0,0.0,3240.0
nt11_nt12_1,0.0,0.0,3600.0
nt11_nt15_0,17.105882352941176,4.374588235294118,360.0
nt11_nt15_0,123.87713310580205,13.003037542662115,720.0
nt11_nt15_0,86.13636363636364,11.70628787878788,1080.0
nt11_nt15_0,32.17901234567901,4.586790123456789,1440.0
nt11_nt15_0,42.04201680672269,4.787563025210084,1800.0
nt11_nt15_0,20.140625,3.1862500000000002,2160.0
nt11_nt15_0,28.19607843137255,5.689411764705882,2520.0
nt11_nt15_0,142.53401360544217,40.271802721088434,2880.0
nt11_nt15_0,45.55691056910569,17.07182926829268,3240.0
nt11_nt15_0,30.760563380281692,6.613521126760563,3600.0
nt11_nt7_0,55.169398907103826,44.033879781420765,360.0
nt11_nt7_0,120.88603988603988,90.84441595441595,720.0
nt11_nt7_0,18.382142857142856,29.043107142857142,1080.0
nt11_nt7_0,3.548611111111111,8.51548611111111,1440.0
nt11_nt7_0,3.0309734513274336,10.163716814159292,1800.0
nt11_nt7_0,3.1758241758241756,9.09434065934066,2160.0
nt11_nt7_0,15.437931034482759,23.487241379310344,2520.0
nt11_nt7_0,39.36962750716332,28.20647564469914,2880.0
nt11_nt7_0,3.1320754716981134,10.583081761006289,3240.0
nt11_nt7_0,7.679245283018868,7.939874213836478,3600.0
nt12_np7_1,0.0,0.0,360.0
nt12_np7_1,0.0,0.0,720.0
nt12_np7_1,0.0,0.0,1080.0
nt12_np7_1,0.0,0.0,1440.0
nt12_np7_1,0.0,0.0,1800.0
nt12_np7_1,0.0,0.0,2160.0
nt12_np7_1,0.0,0.0,2520.0
nt12_np7_1,0.0,0.0,2880.0
nt12_np7_1,0.0,0.0,3240.0
nt12_np7_1,0.0,0.0,3600.0
nt12_nt11_0,3.4074074074074074,3.1533333333333333,360.0
nt12_nt11_0,10.631147540983607,6.246065573770491,720.0
nt12_nt11_0,18.845238095238095,7.94202380952381,1080.0
nt12_nt11_0,2.973684210526316,4.505526315789474,1440.0
nt12_nt11_0,5.316326530612245,20.931020408163263,1800.0
nt12_nt11_0,3.6296296296296298,6.392222222222222,2160.0
nt12_nt11_0,12.569230769230769,4.687230769230769,2520.0
nt12_nt11_0,4.225806451612903,9.06774193548387,2880.0
nt12_nt11_0,11.279069767441861,16.665348837209304,3240.0
nt12_nt11_0,7.111111111111111,22.26675925925926,3600.0
nt12_nt11_1,7.083333333333333,5.6519047619047615,360.0
nt12_nt11_1,24.623762376237625,7.751584158415842,720.0
nt12_nt11_1,15.893939393939394,19.451515151515153,1080.0
nt12_nt11_1,8.33838383838384,9.002474747474748,1440.0
nt12_nt11_1,10.989285714285714,29.60767857142857,1800.0
nt12_nt11_1,5.836431226765799,23.962713754646842,2160.0
nt12_nt11_1,11.582582582582583,43.539789789789786,2520.0
nt12_nt11_1,16.220064724919094,43.91355987055016,2880.0
nt12_nt11_1,20.758333333333333,53.42008333333333,3240.0
nt12_nt11_1,8.954407294832826,31.871519756838904,3600.0
nt12_nt16_0,6.85,2.1975000000000002,360.0
nt12_nt16_0,147.87301587301587,35.78961904761905,720.0
nt12_nt16_0,19.17142857142857,6.7535428571428575,1080.0
nt12_nt16_0,12.986842105263158,5.991578947368422,1440.0
nt12_nt16_0,33.66203703703704,7.842314814814815,1800.0
nt12_nt16_0,3.84,3.5527999999999995,2160.0
nt12_nt16_0,51.98930481283423,4.009946524064171,2520.0
nt12_nt16_0,21.861635220125788,10.786163522012579,2880.0
nt12_nt16_0,57.10243902439024,9.703121951219513,3240.0
nt12_nt16_0,59.295081967213115,15.716680327868852,3600.0
nt12_nt8_0,9.2,4.600666666666667,360.0
nt12_nt8_0,1.3529411764705883,3.4371764705882355,720.0
nt12_nt8_0,1.1666666666666667,2.5705555555555555,1080.0
nt12_nt8_0,45.467592592592595,15.305231481481483,1440.0
nt12_nt8_0,2.85,2.1135,1800.0
nt12_nt8_0,0.6615384615384615,2.12,2160.0
nt12_nt8_0,3.780821917808219,3.8106849315068496,2520.0
nt12_nt8_0,6.761467889908257,6.645321100917432,2880.0
nt12_nt8_0,4.633333333333334,7.021933333333333,3240.0
nt12_nt8_0,5.101694915254237,3.4871186440677966,3600.0
nt13_nt14_0,1.0,0.8673333333333333,360.0
nt13_nt14_0,7.2368421052631575,4.579473684210527,720.0
nt13_nt14_0,3.7066666666666666,5.1784,1080.0
nt13_nt14_0,6.714285714285714,4.83530612244898,1440.0
nt13_nt14_0,6.871794871794871,2.9610256410256413,1800.0
nt13_nt14_0,5.733333333333333,5.201733333333333,2160.0
nt13_nt14_0,3.89247311827957,9.159032258064515,2520.0
nt13_nt14_0,4.019607843137255,4.954509803921569,2880.0
nt13_nt14_0,12.134883720930233,16.718976744186048,3240.0
nt13_nt14_0,4.176470588235294,7.87156862745098,3600.0
nt13_nt14_1,0.0,0.0,360.0
nt13_nt14_1,1.75,3.9500000000000006,720.0
nt13_nt14_1,3.230769230769231,6.001538461538461,1080.0
nt13_nt14_1,0.0,0.0,1440.0
nt13_nt14_1,0.0,0.0,1800.0
nt13_nt14_1,5.571428571428571,2.7435714285714288,2160.0
nt13_nt14_1,1.6666666666666667,3.3349999999999995,2520.0
nt13_nt14_1,0.0,0.0,2880.0
nt13_nt14_1,1.6666666666666667,4.0249999999999995,3240.0
nt13_nt14_1,0.0,0.0,3600.0
nt13_nt9_0,9.538461538461538,4.591538461538462,360.0
nt13_nt9_0,146.0919881305638,65.54940652818992,720.0
nt13_nt9_0,8.24822695035461,32.714326241134756,1080.0
nt13_nt9_0,8.27638190954774,10.640502512562815,1440.0
nt13_nt9_0,5.141025641025641,12.659615384615385,1800.0
nt13_nt9_0,5.08,8.158171428571428,2160.0
nt13_nt9_0,9.74561403508772,4.524210526315789,2520.0
nt13_nt9_0,10.918181818181818,13.341,2880.0
nt13_nt9_0,3.4,14.468514285714285,3240.0
nt13_nt9_0,7.695402298850575,13.117413793103447,3600.0
nt14_nt13_0,0.0,0.0,360.0
nt14_nt13_0,0.1111111111111111,0.19111111111111112,720.0
nt14_nt13_0,0.0,0.0,1080.0
nt14_nt13_0,1.0,5.24,1440.0
nt14_nt13_0,0.0,0.0,1800.0
nt14_nt13_0,4.583333333333333,4.616666666666666,2160.0
nt14_nt13_0,2.55,4.5045,2520.0
nt14_nt13_0,1.75,1.13875,2880.0
nt14_nt13_0,2.1333333333333333,5.2316666666666665,3240.0
nt14_nt13_0,0.0,0.0,3600.0
nt14_nt13_1,2.6153846153846154,3.976153846153846,360.0
nt14_nt13_1,4.341772151898734,10.315822784810127,720.0
nt14_nt13_1,2.590909090909091,2.855909090909091,1080.0
nt14_nt13_1,3.886178861788618,8.234471544715447,1440.0
nt14_nt13_1,4.8120805369127515,10.259060402684563,1800.0
nt14_nt13_1,3.892857142857143,3.44625,2160.0
nt14_nt13_1,4.777777777777778,4.963703703703703,2520.0
nt14_nt13_1,5.6521739130434785,7.086630434782609,2880.0
nt14_nt13_1,9.062146892655367,11.171468926553672,3240.0
nt14_nt13_1,5.25,7.254736842105263,3600.0
nt14_nt15_0,1.0,3.0421428571428573,360.0
nt14_nt15_0,130.61356932153393,31.112477876106194,720.0
nt14_nt15_0,17.884393063583815,17.232138728323697,1080.0
nt14_nt15_0,2.6923076923076925,4.784102564102564,1440.0
nt14_nt15_0,6.59,4.3612,1800.0
nt14_nt15_0,5.0085470085470085,7.138632478632479,2160.0
nt14_nt15_0,4.8125,7.282291666666667,2520.0
nt14_nt15_0,4.733333333333333,4.340533333333334,2880.0
nt14_nt15_0,10.3954802259887,8.14598870056497,3240.0
nt14_nt15_0,4.644927536231884,15.145072463768116,3600.0
nt14_nt15_1,0.0,0.0,360.0
nt14_nt15_1,140.50352112676057,9.03169014084507,720.0
nt14_nt15_1,176.61290322580646,9.597741935483871,1080.0
nt14_nt15_1,2.375,3.430625,1440.0
nt14_nt15_1,0.0,0.0,1800.0
nt14_nt15_1,0.0,0.0,2160.0
nt14_nt15_1,0.0,0.0,2520.0
nt14_nt15_1,5.571428571428571,2.7428571428571433,2880.0
nt14_nt15_1,0.0,0.0,3240.0
nt14_nt15_1,0.0,0.0,3600.0
nt15_nt11_0,27.25136612021858,7.440874316939891,360.0
nt15_nt11_0,39.314655172413794,10.778922413793104,720.0
nt15_nt11_0,15.479166666666666,40.48763888888889,1080.0
nt15_nt11_0,49.06983240223464,32.54622905027933,1440.0
nt15_nt11_0,129.59052924791087,34.96342618384401,1800.0
nt15_nt11_0,73.41368078175896,21.768175895765474,2160.0
nt15_nt11_0,134.5056179775281,8.932696629213483,2520.0
nt15_nt11_0,69.83203125,87.1365234375,2880.0
nt15_nt11_0,67.6927374301676,59.1576815642458,3240.0
nt15_nt11_0,131.87078651685394,22.946685393258427,3600.0
nt15_nt14_0,1.2083333333333333,1.6287500000000001,360.0
nt15_nt14_0,4.25,4.925,720.0
nt15_nt14_0,1.2,4.319,1080.0
nt15_nt14_0,5.0,6.989583333333333,1440.0
nt15_nt14_0,4.258741258741258,8.064825174825176,1800.0
nt15_nt14_0,3.1147540983606556,4.532622950819673,2160.0
nt15_nt14_0,6.211538461538462,4.228076923076923,2520.0
nt15_nt14_0,5.780821917808219,5.873287671232877,2880.0
nt15_nt14_0,6.004716981132075,15.22127358490566,3240.0
nt15_nt14_0,13.885714285714286,6.715214285714286,3600.0
nt15_nt16_0,64.50757575757575,11.990984848484848,360.0
nt15_nt16_0,167.18695652173912,53.04856521739131,720.0
nt15_nt16_0,1.4864864864864864,2.603243243243243,1080.0
nt15_nt16_0,1.5925925925925926,2.0433333333333334,1440.0
nt15_nt16_0,4.833333333333333,3.103181818181818,1800.0
nt15_nt16_0,1.3432835820895523,4.9664179104477615,2160.0
nt15_nt16_0,0.3504273504273504,1.7286324786324787,2520.0
nt15_nt16_0,98.84210526315789,8.528947368421052,2880.0
nt15_nt16_0,103.32947976878613,23.563410404624275,3240.0
nt15_nt16_0,1.0129032258064516,3.186645161290323,3600.0
nt15_nt16_1,0.0,0.0,360.0
nt15_nt16_1,0.0,0.0,720.0
nt15_nt16_1,0.0,0.0,1080.0
nt15_nt16_1,2.5,1.7,1440.0
nt15_nt16_1,0.0,0.0,1800.0
nt15_nt16_1,0.0,0.0,2160.0
nt15_nt16_1,0.0,0.0,2520.0
nt15_nt16_1,0.0,0.0,2880.0
nt15_nt16_1,0.0,0.0,3240.0
nt15_nt16_1,0.0,0.0,3600.0
nt16_nt12_0,2.0869565217391304,2.8095652173913046,360.0
nt16_nt12_0,6.696428571428571,6.402857142857143,720.0
nt16_nt12_0,77.95934959349593,49.47386178861788,1080.0
nt16_nt12_0,157.00833333333333,85.82480555555556,1440.0
nt16_nt12_0,141.60645161290321,45.521419354838706,1800.0
nt16_nt12_0,3.282608695652174,5.497065217391304,2160.0
nt16_nt12_0,76.16517857142857,49.55013392857143,2520.0
nt16_nt12_0,172.67724867724868,95.5752380952381,2880.0
nt16_nt12_0,7.529850746268656,10.946567164179104,3240.0
nt16_nt12_0,1.2857142857142858,5.666785714285714,3600.0
nt16_nt15_0,4.685714285714286,3.0382857142857143,360.0
nt16_nt15_0,1.875,2.00375,720.0
nt16_nt15_0,8.48076923076923,5.260192307692307,1080.0
nt16_nt15_0,5.887323943661972,4.367464788732394,1440.0
nt16_nt15_0,6.754716981132075,6.75754716981132,1800.0
nt16_nt15_0,7.26530612244898,7.22734693877551,2160.0
nt16_nt15_0,2.757575757575758,4.214242424242424,2520.0
nt16_nt15_0,142.03412969283278,49.54931740614334,2880.0
nt16_nt15_0,48.02777777777778,28.174930555555555,3240.0
nt16_nt15_0,6.128205128205129,3.9566666666666666,3600.0
nt16_nt15_1,4.25,4.75375,360.0
nt16_nt15_1,2.5555555555555554,4.002777777777777,720.0
nt16_nt15_1,8.835820895522389,5.108507462686567,1080.0
nt16_nt15_1,9.851063829787234,2.859787234042553,1440.0
nt16_nt15_1,0.0,0.0,1800.0
nt16_nt15_1,0.0,0.0,2160.0
nt16_nt15_1,0.0,0.0,2520.0
nt16_nt15_1,9.423529411764706,13.934941176470588,2880.0
nt16_nt15_1,0.0,0.0,3240.0
nt16_nt15_1,0.0,0.0,3600.0
nt1_nt2_0,6.955882352941177,4.109852941176471,360.0
nt1_nt2_0,140.98765432098764,15.750987654320987,720.0
nt1_nt2_0,1.825,4.58175,1080.0
nt1_nt2_0,3.111111111111111,2.4922222222222223,1440.0
nt1_nt2_0,2.642857142857143,2.822857142857143,1800.0
nt1_nt2_0,19.441860465116278,13.859844961240311,2160.0
nt1_nt2_0,151.2358803986711,56.1946511627907,2520.0
nt1_nt2_0,6.88659793814433,5.499072164948453,2880.0
nt1_nt2_0,5.488636363636363,11.596704545454545,3240.0
nt1_nt2_0,4.900900900900901,6.738468468468469,3600.0
nt1_nt2_1,2.5714285714285716,3.74,360.0
nt1_nt2_1,5.55,5.1055,720.0
nt1_nt2_1,0.0,0.0,1080.0
nt1_nt2_1,3.85,6.084,1440.0
nt1_nt2_1,1.5,3.2,1800.0
nt1_nt2_1,0.0,0.0,2160.0
nt1_nt2_1,0.0,0.0,2520.0
nt1_nt2_1,0.0,0.0,2880.0
nt1_nt2_1,0.0,0.0,3240.0
nt1_nt2_1,0.0,0.0,3600.0
nt1_nt5_0,1.4444444444444444,1.7714814814814814,360.0
nt1_nt5_0,5.7272727272727275,7.181969696969697,720.0
nt1_nt5_0,3.9295774647887325,4.346056338028169,1080.0
nt1_nt5_0,0.4,1.2291428571428573,1440.0
nt1_nt5_0,2.6129032258064515,5.558064516129033,1800.0
nt1_nt5_0,12.153526970954356,13.213651452282157,2160.0
nt1_nt5_0,3.4343434343434343,7.348787878787879,2520.0
nt1_nt5_0,4.873239436619718,9.869295774647888,2880.0
nt1_nt5_0,3.491304347826087,18.78421739130435,3240.0
nt1_nt5_0,1.0816326530612246,2.645102040816327,3600.0
nt2_np2_0,0.0,0.0,360.0
nt2_np2_0,0.0,0.0,720.0
nt2_np2_0,0.0,0.0,1080.0
nt2_np2_0,0.0,0.0,1440.0
nt2_np2_0,0.0,0.0,1800.0
nt2_np2_0,0.0,0.0,2160.0
nt2_np2_0,0.0,0.0,2520.0
nt2_np2_0,0.0,0.0,2880.0
nt2_np2_0,0.0,0.0,3240.0
nt2_np2_0,0.0,0.0,3600.0
nt2_nt1_0,0.4,1.4920000000000002,360.0
nt2_nt1_0,7.8311688311688314,4.151298701298701,720.0
nt2_nt1_0,1.4912280701754386,4.207543859649123,1080.0
nt2_nt1_0,0.8,1.901142857142857,1440.0
nt2_nt1_0,2.0526315789473686,3.304912280701754,1800.0
nt2_nt1_0,2.607142857142857,6.232946428571429,2160.0
nt2_nt1_0,0.7941176470588235,3.393529411764706,2520.0
nt2_nt1_0,2.858695652173913,7.89304347826087,2880.0
nt2_nt1_0,2.1416666666666666,5.175583333333333,3240.0
nt2_nt1_0,5.472972972972973,4.0027027027027025,3600.0
nt2_nt1_1,1.0,2.89,360.0
nt2_nt1_1,0.0,0.0,720.0
nt2_nt1_1,0.0,0.0,1080.0
nt2_nt1_1,0.0,0.0,1440.0
nt2_nt1_1,0.0,0.0,1800.0
nt2_nt1_1,0.0,0.0,2160.0
nt2_nt1_1,0.0,0.0,2520.0
nt2_nt1_1,0.0,0.0,2880.0
nt2_nt1_1,0.0,0.0,3240.0
nt2_nt1_1,2.3333333333333335,4.003333333333334,3600.0
nt2_nt3_0,0.0,0.0,360.0
nt2_nt3_0,0.0,0.0,720.0
nt2_nt3_0,0.0,0.0,1080.0
nt2_nt3_0,0.2,0.491,1440.0
nt2_nt3_0,0.25,0.9337500000000001,1800.0
nt2_nt3_0,0.2,16.562,2160.0
nt2_nt3_0,0.0,0.0,2520.0
nt2_nt3_0,1.0952380952380953,4.765714285714286,2880.0
nt2_nt3_0,1.55,2.5665,3240.0
nt2_nt3_0,2.0952380952380953,4.347142857142858,3600.0
nt2_nt3_1,6.6923076923076925,3.1148076923076924,360.0
nt2_nt3_1,3.966666666666667,7.1209999999999996,720.0
nt2_nt3_1,4.942857142857143,9.75457142857143,1080.0
nt2_nt3_1,4.416666666666667,2.1787500000000004,1440.0
nt2_nt3_1,0.0,0.0,1800.0
nt2_nt3_1,7.6310160427807485,13.21860962566845,2160.0
nt2_nt3_1,6.101694915254237,17.9635593220339,2520.0
nt2_nt3_1,9.894308943089431,11.178780487804879,2880.0
nt2_nt3_1,9.696969696969697,5.279090909090909,3240.0
nt2_nt3_1,4.140845070422535,12.237464788732394,3600.0
nt2_nt6_0,17.025641025641026,9.252500000000001,360.0
nt2_nt6_0,32.27626459143969,5.738171206225681,720.0
nt2_nt6_0,42.90510948905109,23.209489051094888,1080.0
nt2_nt6_0,21.422442244224424,29.264587458745876,1440.0
nt2_nt6_0,109.68611111111112,59.38436111111111,1800.0
nt2_nt6_0,62.720670391061454,36.44896648044693,2160.0
nt2_nt6_0,143.35555555555555,36.60722222222223,2520.0
nt2_nt6_0,137.42296918767508,33.237086834733894,2880.0
nt2_nt6_0,140.86944444444444,26.74591666666667,3240.0
nt2_nt6_0,158.48189415041782,20.691866295264624,3600.0
nt3_np3_0,0.0,0.0,360.0
nt3_np3_0,0.0,0.0,720.0
nt3_np3_0,0.0,0.0,1080.0
nt3_np3_0,0.0,0.0,1440.0
nt3_np3_0,0.0,0.0,1800.0
nt3_np3_0,0.0,0.0,2160.0
nt3_np3_0,0.0,0.0,2520.0
nt3_np3_0,0.0,0.0,2880.0
nt3_np3_0,0.0,0.0,3240.0
nt3_np3_0,0.0,0.0,3600.0
nt3_nt2_0,0.7297297297297297,2.0394594594594593,360.0
nt3_nt2_0,1.45,4.171,720.0
nt3_nt2_0,2.4375,7.33375,1080.0
nt3_nt2_0,6.093023255813954,8.485348837209303,1440.0
nt3_nt2_0,3.423076923076923,6.427307692307693,1800.0
nt3_nt2_0,6.183908045977011,8.459999999999999,2160.0
nt3_nt2_0,5.923076923076923,7.741307692307692,2520.0
nt3_nt2_0,6.137055837563452,6.933045685279188,2880.0
nt3_nt2_0,8.344827586206897,4.846551724137931,3240.0
nt3_nt2_0,3.3636363636363638,3.389090909090909,3600.0
nt3_nt2_1,6.5,5.900000000000001,360.0
nt3_nt2_1,5.5,5.234166666666667,720.0
nt3_nt2_1,0.0,0.0,1080.0
nt3_nt2_1,0.0,0.0,1440.0
nt3_nt2_1,0.0,0.0,1800.0
nt3_nt2_1,2.8,4.21,2160.0
nt3_nt2_1,6.21875,3.1125000000000003,2520.0
nt3_nt2_1,4.956521739130435,3.447391304347826,2880.0
nt3_nt2_1,3.0,1.997142857142857,3240.0
nt3_nt2_1,13.224489795918368,2.8079591836734696,3600.0
nt3_nt7_0,6.637795275590551,7.338188976377953,360.0
nt3_nt7_0,14.5,10.265697674418606,720.0
nt3_nt7_0,35.5041782729805,45.727966573816154,1080.0
nt3_nt7_0,132.175,61.72847222222222,1440.0
nt3_nt7_0,119.98338870431894,19.130697674418606,1800.0
nt3_nt7_0,31.61111111111111,19.656166666666667,2160.0
nt3_nt7_0,23.5811209439528,30.37858407079646,2520.0
nt3_nt7_0,47.50277777777778,61.79252777777778,2880.0
nt3_nt7_0,18.539184952978058,22.578652037617555,3240.0
nt3_nt7_0,17.181818181818183,34.59659090909091,3600.0
nt4_nt8_0,3.3823529411764706,3.9575,360.0
nt4_nt8_0,3.864864864864865,3.6970270270270267,720.0
nt4_nt8_0,4.045454545454546,4.972727272727273,1080.0
nt4_nt8_0,3.411764705882353,5.849607843137255,1440.0
nt4_nt8_0,7.531914893617022,5.786702127659575,1800.0
nt4_nt8_0,7.890243902439025,5.983292682926829,2160.0
nt4_nt8_0,16.770642201834864,7.205779816513761,2520.0
nt4_nt8_0,17.20863309352518,7.7651798561151075,2880.0
nt4_nt8_0,5.589743589743589,3.044102564102564,3240.0
nt4_nt8_0,10.75968992248062,4.082248062015504,3600.0
nt5_np15_1,0.0,0.0,360.0
nt5_np15_1,0.0,0.0,720.0
nt5_np15_1,0.0,0.0,1080.0
nt5_np15_1,0.0,0.0,1440.0
nt5_np15_1,0.0,0.0,1800.0
nt5_np15_1,0.3333333333333333,8.481666666666667,2160.0
nt5_np15_1,0.0,0.0,2520.0
nt5_np15_1,0.0,0.0,2880.0
nt5_np15_1,0.0,0.0,3240.0
nt5_np15_1,0.0,0.0,3600.0
nt5_nt1_0,22.525925925925925,6.3831851851851855,360.0
nt5_nt1_0,160.1549295774648,24.29362676056338,720.0
nt5_nt1_0,7.672131147540983,3.1936065573770493,1080.0
nt5_nt1_0,9.077922077922079,6.836623376623376,1440.0
nt5_nt1_0,7.075,3.7590000000000003,1800.0
nt5_nt1_0,27.0,4.618722466960353,2160.0
nt5_nt1_0,8.106382978723405,7.491276595744681,2520.0
nt5_nt1_0,58.048701298701296,15.850746753246753,2880.0
nt5_nt1_0,42.5,7.9552464788732395,3240.0
nt5_nt1_0,5.6571428571428575,9.95790476190476,3600.0
nt5_nt6_0,2.303030303030303,5.475757575757576,360.0
nt5_nt6_0,10.804347826086957,4.628043478260869,720.0
nt5_nt6_0,11.159663865546218,11.782689075630252,1080.0
nt5_nt6_0,7.164835164835165,5.418791208791209,1440.0
nt5_nt6_0,4.583333333333333,5.0008333333333335,1800.0
nt5_nt6_0,1.1785714285714286,3.763214285714286,2160.0
nt5_nt6_0,12.888297872340425,32.59436170212766,2520.0
nt5_nt6_0,4.830188679245283,11.555849056603773,2880.0
nt5_nt6_0,7.345323741007194,12.148920863309353,3240.0
nt5_nt6_0,31.68231046931408,7.864945848375452,3600.0
nt5_nt6_1,7.166666666666667,7.8886666666666665,360.0
nt5_nt6_1,13.067415730337078,13.55438202247191,720.0
nt5_nt6_1,10.799212598425196,28.454527559055116,1080.0
nt5_nt6_1,14.132231404958677,27.033636363636365,1440.0
nt5_nt6_1,21.397222222222222,86.62041666666666,1800.0
nt5_nt6_1,10.128813559322033,51.39084745762712,2160.0
nt5_nt6_1,51.997142857142855,73.05722857142857,2520.0
nt5_nt6_1,9.137931034482758,26.851137931034483,2880.0
nt5_nt6_1,44.80555555555556,75.23177777777778,3240.0
nt5_nt6_1,89.7966573816156,116.0183286908078,3600.0
nt5_nt9_0,11.6,4.702133333333333,360.0
nt5_nt9_0,5.230769230769231,4.707230769230769,720.0
nt5_nt9_0,1.6013513513513513,7.069121621621622,1080.0
nt5_nt9_0,3.2435897435897436,4.664358974358974,1440.0
nt5_nt9_0,2.03125,4.138125,1800.0
nt5_nt9_0,31.34259259259259,33.372453703703705,2160.0
nt5_nt9_0,10.657608695652174,19.207391304347826,2520.0
nt5_nt9_0,1.3978494623655915,5.045376344086022,2880.0
nt5_nt9_0,8.694444444444445,60.86172222222223,3240.0
nt5_nt9_0,10.856410256410257,31.42476923076923,3600.0
nt6_nt10_0,2.185185185185185,3.049259259259259,360.0
nt6_nt10_0,3.1619047619047618,4.029333333333333,720.0
nt6_nt10_0,27.73701298701299,15.333376623376624,1080.0
nt6_nt10_0,4.473251028806584,12.782962962962964,1440.0
nt6_nt10_0,101.61944444444444,122.82036111111111,1800.0
nt6_nt10_0,15.270935960591133,15.489162561576356,2160.0
nt6_nt10_0,140.4832402234637,121.40653631284917,2520.0
nt6_nt10_0,66.4888888888889,79.84122222222223,2880.0
nt6_nt10_0,86.73259052924791,78.58626740947075,3240.0
nt6_nt10_0,156.42618384401115,151.6381058495822,3600.0
nt6_nt2_0,23.166666666666668,2.386458333333333,360.0
nt6_nt2_0,23.591304347826085,8.044086956521738,720.0
nt6_nt2_0,35.64248704663213,5.012383419689119,1080.0
nt6_nt2_0,14.892857142857142,6.684523809523809,1440.0
nt6_nt2_0,6.514285714285714,2.047428571428571,1800.0
nt6_nt2_0,35.90045248868778,5.480452488687783,2160.0
nt6_nt2_0,138.5072463768116,12.00214492753623,2520.0
nt6_nt2_0,173.73611111111111,21.441666666666666,2880.0
nt6_nt2_0,51.95,12.760636363636364,3240.0
nt6_nt2_0,208.10650887573965,22.529881656804736,3600.0
nt6_nt5_0,1.75,2.3775,360.0
nt6_nt5_0,6.314285714285714,5.808285714285714,720.0
nt6_nt5_0,6.304878048780488,3.4045121951219515,1080.0
nt6_nt5_0,15.45859872611465,5.50203821656051,1440.0
nt6_nt5_0,43.16494845360825,13.17319587628866,1800.0
nt6_nt5_0,128.18207282913164,64.90252100840337,2160.0
nt6_nt5_0,14.113636363636363,7.486704545454546,2520.0
nt6_nt5_0,36.69767441860465,6.028313953488372,2880.0
nt6_nt5_0,2.5,4.765625,3240.0
nt6_nt5_0,3.8181818181818183,6.3714545454545455,3600.0
nt6_nt5_1,25.0,3.200204081632653,360.0
nt6_nt5_1,0.0,0.0,720.0
nt6_nt5_1,0.0,0.0,1080.0
nt6_nt5_1,6.5625,5.251875,1440.0
nt6_nt5_1,23.5,2.546041666666667,1800.0
nt6_nt5_1,3.25,21.2725,2160.0
nt6_nt5_1,5.0,5.0,2520.0
nt6_nt5_1,9.047619047619047,5.4314285714285715,2880.0
nt6_nt5_1,0.0,0.0,3240.0
nt6_nt5_1,3.5,1.58375,3600.0
nt6_nt7_0,14.086021505376344,8.33,360.0
nt6_nt7_0,31.91176470588235,11.33857843137255,720.0
nt6_nt7_0,8.194029850746269,4.8416417910447755,1080.0
nt6_nt7_0,25.05263157894737,14.969649122807018,1440.0
nt6_nt7_0,9.056603773584905,5.961132075471698,1800.0
nt6_nt7_0,44.41698841698842,11.587413127413127,2160.0
nt6_nt7_0,15.182539682539682,6.766230158730158,2520.0
nt6_nt7_0,44.563380281690144,16.700352112676054,2880.0
nt6_nt7_0,28.494444444444444,12.410166666666667,3240.0
nt6_nt7_0,19.4,5.277407407407407,3600.0
nt6_nt7_1,23.5,3.1337500000000005,360.0
nt6_nt7_1,14.5,2.126666666666667,720.0
nt6_nt7_1,7.784313725490196,6.29607843137255,1080.0
nt6_nt7_1,71.46181818181819,10.408363636363637,1440.0
nt6_nt7_1,2.6363636363636362,4.573636363636364,1800.0
nt6_nt7_1,40.989583333333336,4.955520833333334,2160.0
nt6_nt7_1,9.214285714285714,4.198095238095238,2520.0
nt6_nt7_1,68.5,13.22485294117647,2880.0
nt6_nt7_1,40.87,10.502699999999999,3240.0
nt6_nt7_1,29.0,2.600701754385965,3600.0
nt7_nt11_0,27.877777777777776,8.520222222222223,360.0
nt7_nt11_0,32.9126213592233,8.80878640776699,720.0
nt7_nt11_0,1.7377049180327868,2.5222950819672127,1080.0
nt7_nt11_0,9.347368421052632,12.235157894736842,1440.0
nt7_nt11_0,29.92517006802721,8.845578231292517,1800.0
nt7_nt11_0,43.930348258706466,25.19636815920398,2160.0
nt7_nt11_0,98.51044776119403,50.719164179104474,2520.0
nt7_nt11_0,86.29829545454545,30.913465909090913,2880.0
nt7_nt11_0,50.13666666666666,14.077733333333333,3240.0
nt7_nt11_0,128.82913165266106,10.420448179271709,3600.0
nt7_nt3_0,3.0,4.341944444444445,360.0
nt7_nt3_0,2.892857142857143,3.6632142857142855,720.0
nt7_nt3_0,5.169491525423729,6.682881355932204,1080.0
nt7_nt3_0,2.85,2.1109999999999998,1440.0
nt7_nt3_0,5.619047619047619,3.529285714285714,1800.0
nt7_nt3_0,0.4166666666666667,1.9000000000000001,2160.0
nt7_nt3_0,0.39473684210526316,2.0189473684210526,2520.0
nt7_nt3_0,5.522222222222222,4.542777777777777,2880.0
nt7_nt3_0,4.3023255813953485,3.3846511627906977,3240.0
nt7_nt3_0,1.8823529411764706,1.9973529411764706,3600.0
nt7_nt6_0,1.8923076923076922,4.238615384615384,360.0
nt7_nt6_0,3.0097087378640777,7.37,720.0
nt7_nt6_0,1.7176470588235293,5.480705882352941,1080.0
nt7_nt6_0,4.965317919075145,13.136878612716762,1440.0
nt7_nt6_0,20.011049723756905,24.172872928176794,1800.0
nt7_nt6_0,4.315789473684211,18.103045112781956,2160.0
nt7_nt6_0,46.72857142857143,105.40502857142857,2520.0
nt7_nt6_0,5.45945945945946,37.137635135135135,2880.0
nt7_nt6_0,39.74269005847953,44.65918128654971,3240.0
nt7_nt6_0,87.6827195467422,104.5571954674221,3600.0
nt7_nt6_1,0.0,0.0,360.0
nt7_nt6_1,0.0,0.0,720.0
nt7_nt6_1,5.5,6.0,1080.0
nt7_nt6_1,3.75,4.501666666666666,1440.0
nt7_nt6_1,0.0,0.0,1800.0
nt7_nt6_1,5.777777777777778,11.10888888888889,2160.0
nt7_nt6_1,1.2,6.042,2520.0
nt7_nt6_1,4.5,12.6425,2880.0
nt7_nt6_1,8.465116279069768,18.681860465116277,3240.0
nt7_nt6_1,24.82,17.532799999999998,3600.0
nt7_nt8_0,9.333333333333334,4.308958333333334,360.0
nt7_nt8_0,16.992248062015506,7.797751937984496,720.0
nt7_nt8_0,10.911764705882353,8.463823529411764,1080.0
nt7_nt8_0,129.92253521126761,20.62838028169014,1440.0
nt7_nt8_0,167.57692307692307,22.95307692307692,1800.0
nt7_nt8_0,2.9130434782608696,1.9965217391304348,2160.0
nt7_nt8_0,11.520408163265307,5.225816326530612,2520.0
nt7_nt8_0,1.1,2.553,2880.0
nt7_nt8_0,12.638297872340425,7.467659574468086,3240.0
nt7_nt8_0,6.0,2.600909090909091,3600.0
nt7_nt8_1,4.0,2.4735714285714288,360.0
nt7_nt8_1,29.22047244094488,4.807716535433071,720.0
nt7_nt8_1,13.192307692307692,5.642692307692308,1080.0
nt7_nt8_1,9.505263157894737,4.5416842105263155,1440.0
nt7_nt8_1,13.452830188679245,5.655094339622642,1800.0
nt7_nt8_1,14.277777777777779,13.693333333333335,2160.0
nt7_nt8_1,27.072222222222223,6.874388888888889,2520.0
nt7_nt8_1,7.723404255319149,11.822872340425532,2880.0
nt7_nt8_1,17.744525547445257,12.215182481751825,3240.0
nt7_nt8_1,8.225,6.39825,3600.0
nt8_np6_1,0.0,0.0,360.0
nt8_np6_1,0.0,0.0,720.0
nt8_np6_1,0.0,0.0,1080.0
nt8_np6_1,0.0,0.0,1440.0
nt8_np6_1,0.0,0.0,1800.0
nt8_np6_1,0.0,0.0,2160.0
nt8_np6_1,0.0,0.0,2520.0
nt8_np6_1,0.0,0.0,2880.0
nt8_np6_1,0.0,0.0,3240.0
nt8_np6_1,0.0,0.0,3600.0
nt8_nt12_0,4.837209302325581,6.082093023255815,360.0
nt8_nt12_0,10.495327102803738,6.35392523364486,720.0
nt8_nt12_0,11.923809523809524,9.344666666666667,1080.0
nt8_nt12_0,4.810344827586207,8.704310344827586,1440.0
nt8_nt12_0,4.2592592592592595,15.605925925925925,1800.0
nt8_nt12_0,5.640718562874252,8.964011976047905,2160.0
nt8_nt12_0,1.6666666666666667,4.210714285714285,2520.0
nt8_nt12_0,4.212765957446808,14.586595744680851,2880.0
nt8_nt12_0,9.52,6.6416,3240.0
nt8_nt12_0,3.6458333333333335,9.971666666666666,3600.0
nt8_nt4_0,2.15,1.9235,360.0
nt8_nt4_0,2.125,1.625625,720.0
nt8_nt4_0,3.0,4.315625,1080.0
nt8_nt4_0,65.56774193548387,5.903290322580645,1440.0
nt8_nt4_0,84.61940298507463,8.729776119402985,1800.0
nt8_nt4_0,3.526315789473684,5.053684210526316,2160.0
nt8_nt4_0,2.7419354838709675,4.5,2520.0
nt8_nt4_0,0.6,3.1013333333333333,2880.0
nt8_nt4_0,3.6285714285714286,5.67,3240.0
nt8_nt4_0,7.283950617283951,4.562716049382716,3600.0
nt8_nt7_0,18.340314136125656,12.081204188481674,360.0
nt8_nt7_0,10.120689655172415,21.052844827586206,720.0
nt8_nt7_0,18.59776536312849,64.8259497206704,1080.0
nt8_nt7_0,56.77514792899408,33.4339349112426,1440.0
nt8_nt7_0,98.53726708074534,52.35767080745341,1800.0
nt8_nt7_0,8.738916256157635,21.019753694581283,2160.0
nt8_nt7_0,18.678807947019866,42.28718543046357,2520.0
nt8_nt7_0,71.28813559322033,72.81920903954803,2880.0
nt8_nt7_0,6.6536585365853655,18.05468292682927,3240.0
nt8_nt7_0,28.680981595092025,48.24536809815951,3600.0
nt8_nt7_1,2.2142857142857144,3.8592857142857144,360.0
nt8_nt7_1,5.647058823529412,11.491176470588236,720.0
nt8_nt7_1,17.574468085106382,2.5965957446808514,1080.0
nt8_nt7_1,5.238095238095238,5.956190476190476,1440.0
nt8_nt7_1,2.9375,4.186875,1800.0
nt8_nt7_1,4.178571428571429,6.661071428571428,2160.0
nt8_nt7_1,8.16326530612245,7.194897959183674,2520.0
nt8_nt7_1,77.64953271028037,14.833504672897195,2880.0
nt8_nt7_1,4.142857142857143,3.1457142857142855,3240.0
nt8_nt7_1,14.152173913043478,11.404347826086957,3600.0
nt9_np14_1,0.0,0.0,360.0
nt9_np14_1,0.0,0.0,720.0
nt9_np14_1,0.0,0.0,1080.0
nt9_np14_1,0.0,0.0,1440.0
nt9_np14_1,0.0,0.0,1800.0
nt9_np14_1,0.0,0.0,2160.0
nt9_np14_1,0.0,0.0,2520.0
nt9_np14_1,0.0,0.0,2880.0
nt9_np14_1,0.0,0.0,3240.0
nt9_np14_1,0.0,0.0,3600.0
nt9_nt10_0,4.476190476190476,19.51888888888889,360.0
nt9_nt10_0,8.191176470588236,14.35892156862745,720.0
nt9_nt10_0,4.36231884057971,15.36024154589372,1080.0
nt9_nt10_0,8.466666666666667,70.78030555555556,1440.0
nt9_nt10_0,16.241610738255034,70.95379194630873,1800.0
nt9_nt10_0,144.20277777777778,155.60083333333336,2160.0
nt9_nt10_0,14.552238805970148,70.95453731343284,2520.0
nt9_nt10_0,6.154798761609907,58.35009287925697,2880.0
nt9_nt10_0,8.23611111111111,112.67227777777777,3240.0
nt9_nt10_0,29.7027027027027,125.40015015015015,3600.0
nt9_nt10_1,0.0,0.0,360.0
nt9_nt10_1,0.0,0.0,720.0
nt9_nt10_1,0.0,0.0,1080.0
nt9_nt10_1,3.5,4.37625,1440.0
nt9_nt10_1,22.04255319148936,6.4825531914893615,1800.0
nt9_nt10_1,70.93212669683258,38.23162895927602,2160.0
nt9_nt10_1,0.0,0.0,2520.0
nt9_nt10_1,1.5,194.25,2880.0
nt9_nt10_1,9.24375,29.1789375,3240.0
nt9_nt10_1,25.6218487394958,58.16268907563025,3600.0
nt9_nt13_0,0.8076923076923077,2.3234615384615385,360.0
nt9_nt13_0,0.9230769230769231,2.703076923076923,720.0
nt9_nt13_0,0.5172413793103449,2.489310344827586,1080.0
nt9_nt13_0,27.328767123287673,6.963013698630137,1440.0
nt9_nt13_0,57.35398230088496,7.265619469026548,1800.0
nt9_nt13_0,0.5925925925925926,1.7677777777777777,2160.0
nt9_nt13_0,1.0327868852459017,1.9100000000000001,2520.0
nt9_nt13_0,41.50292397660819,5.352690058479532,2880.0
nt9_nt13_0,4.896907216494846,6.275051546391752,3240.0
nt9_nt13_0,12.209523809523809,4.635428571428572,3600.0
nt9_nt5_0,6.638888888888889,6.376111111111111,360.0
nt9_nt5_0,5.089285714285714,5.573392857142857,720.0
nt9_nt5_0,6.264150943396227,8.784213836477988,1080.0
nt9_nt5_0,16.24848484848485,14.53387878787879,1440.0
nt9_nt5_0,3.763888888888889,9.176666666666668,1800.0
nt9_nt5_0,20.334277620396602,32.718725212464584,2160.0
nt9_nt5_0,6.5777777777777775,11.022666666666666,2520.0
nt9_nt5_0,5.157894736842105,11.950614035087717,2880.0
nt9_nt5_0,4.0256410256410255,9.53502564102564,3240.0
nt9_nt5_0,5.430232558139535,10.727906976744187,3600.0
